{
  "predictors": [
    "x1"
  ],
  "family": "nb",
  "link": "log",
  "method": "fREML",
  "k_default": 4,
  "min_k": 3,
  "n_obs": 1000,
  "x1_shift": 51.11019327520254,
  "y_range": [
    0.0,
    123.08571574958958
  ],
  "x1_range_post_shift": [
    -51.081699708102754,
    48.84289293125642
  ],
  "seed": 125,
  "case_idx": 2,
  "fit_ok": false
}