{
  "predictors": [
    "x1"
  ],
  "family": "gaussian",
  "link": "identity",
  "method": "fREML",
  "k_default": 4,
  "min_k": 3,
  "n_obs": 1000,
  "x1_shift": 48.896478064519,
  "y_range": [
    0.0,
    124.65783911400266
  ],
  "x1_range_post_shift": [
    -48.830146872221285,
    51.07155692476684
  ],
  "seed": 147,
  "case_idx": 24,
  "fit_ok": true
}