{
  "predictors": [
    "x1"
  ],
  "family": "nb",
  "link": "log",
  "method": "fREML",
  "k_default": 4,
  "min_k": 3,
  "n_obs": 1000,
  "x1_shift": 49.85003766931685,
  "y_range": [
    0.0,
    124.96056023297083
  ],
  "x1_range_post_shift": [
    -49.827332363823274,
    50.14987110524264
  ],
  "seed": 140,
  "case_idx": 17,
  "fit_ok": false
}