{
  "predictors": [
    "x1"
  ],
  "family": "gaussian",
  "link": "identity",
  "method": "fREML",
  "k_default": 4,
  "min_k": 3,
  "n_obs": 1000,
  "x1_shift": 50.300769366789666,
  "y_range": [
    0.0,
    119.24077518305425
  ],
  "x1_range_post_shift": [
    -50.28262723067238,
    49.693319232550365
  ],
  "seed": 160,
  "case_idx": 37,
  "fit_ok": true
}