{
  "predictors": [
    "x1"
  ],
  "family": "gaussian",
  "link": "identity",
  "method": "fREML",
  "k_default": 4,
  "min_k": 3,
  "n_obs": 1000,
  "x1_shift": 48.86537291725563,
  "y_range": [
    0.0,
    130.20334168567553
  ],
  "x1_range_post_shift": [
    -48.829734509949944,
    51.043588007097185
  ],
  "seed": 144,
  "case_idx": 21,
  "fit_ok": true
}