{
  "predictors": [
    "x1"
  ],
  "family": "gaussian",
  "link": "identity",
  "method": "fREML",
  "k_default": 4,
  "min_k": 3,
  "n_obs": 1000,
  "x1_shift": 51.4574243715754,
  "y_range": [
    0.0,
    118.87142295459569
  ],
  "x1_range_post_shift": [
    -51.4252385459142,
    48.52931316042799
  ],
  "seed": 158,
  "case_idx": 35,
  "fit_ok": true
}