{
  "predictors": [
    "x1"
  ],
  "family": "nb",
  "link": "log",
  "method": "fREML",
  "k_default": 4,
  "min_k": 3,
  "n_obs": 1000,
  "x1_shift": 50.02044396631413,
  "y_range": [
    0.0,
    113.13691340308813
  ],
  "x1_range_post_shift": [
    -49.71224305955152,
    49.902336339552846
  ],
  "seed": 141,
  "case_idx": 18,
  "fit_ok": false
}