{
  "predictors": [
    "x1"
  ],
  "family": "gaussian",
  "link": "identity",
  "method": "fREML",
  "k_default": 4,
  "min_k": 3,
  "n_obs": 1000,
  "x1_shift": 49.4744205991536,
  "y_range": [
    0.0,
    119.9844217176663
  ],
  "x1_range_post_shift": [
    -49.38200386896008,
    50.298644064113944
  ],
  "seed": 159,
  "case_idx": 36,
  "fit_ok": true
}