{
  "predictors": [
    "x1"
  ],
  "family": "gaussian",
  "link": "identity",
  "method": "fREML",
  "k_default": 4,
  "min_k": 3,
  "n_obs": 1000,
  "x1_shift": 53.01967421731228,
  "y_range": [
    0.0,
    127.87003372638156
  ],
  "x1_range_post_shift": [
    -52.92861676528527,
    46.8854637488457
  ],
  "seed": 162,
  "case_idx": 39,
  "fit_ok": true
}