{
  "predictors": [
    "x1"
  ],
  "family": "gaussian",
  "link": "identity",
  "method": "fREML",
  "k_default": 4,
  "min_k": 3,
  "n_obs": 1000,
  "x1_shift": 50.39173382934193,
  "y_range": [
    0.0,
    114.1960707306106
  ],
  "x1_range_post_shift": [
    -50.35514636791757,
    49.595482186148956
  ],
  "seed": 146,
  "case_idx": 23,
  "fit_ok": true
}