{
  "predictors": [
    "x1"
  ],
  "family": "gaussian",
  "link": "identity",
  "method": "fREML",
  "k_default": 4,
  "min_k": 3,
  "n_obs": 1000,
  "x1_shift": 49.66252299190899,
  "y_range": [
    0.0,
    119.33599445453291
  ],
  "x1_range_post_shift": [
    -49.513347226529575,
    50.252339975686674
  ],
  "seed": 156,
  "case_idx": 33,
  "fit_ok": true
}