{
  "predictors": [
    "x1"
  ],
  "family": "gaussian",
  "link": "identity",
  "method": "fREML",
  "k_default": 4,
  "min_k": 3,
  "n_obs": 1000,
  "x1_shift": 50.65047876257866,
  "y_range": [
    0.0,
    123.6713054783977
  ],
  "x1_range_post_shift": [
    -50.619762114070234,
    49.26882103515793
  ],
  "seed": 143,
  "case_idx": 20,
  "fit_ok": true
}