{
  "predictors": [
    "x1"
  ],
  "family": "gaussian",
  "link": "identity",
  "method": "fREML",
  "k_default": 4,
  "min_k": 3,
  "n_obs": 1000,
  "x1_shift": 49.33162949024866,
  "y_range": [
    0.0,
    123.36622605219318
  ],
  "x1_range_post_shift": [
    -49.203166942102456,
    50.610715823151565
  ],
  "seed": 150,
  "case_idx": 27,
  "fit_ok": true
}