{
  "predictors": [
    "x1"
  ],
  "family": "nb",
  "link": "log",
  "method": "fREML",
  "k_default": 4,
  "min_k": 3,
  "n_obs": 1000,
  "x1_shift": 49.61752302591571,
  "y_range": [
    0.0,
    121.72121007920154
  ],
  "x1_range_post_shift": [
    -49.616199885765,
    50.30224487939795
  ],
  "seed": 124,
  "case_idx": 1,
  "fit_ok": false
}