{
  "predictors": [
    "x1"
  ],
  "family": "gaussian",
  "link": "identity",
  "method": "fREML",
  "k_default": 4,
  "min_k": 3,
  "n_obs": 1000,
  "x1_shift": 50.01020285744775,
  "y_range": [
    0.0,
    106.86968817040855
  ],
  "x1_range_post_shift": [
    -49.92279623972284,
    49.90517429807264
  ],
  "seed": 157,
  "case_idx": 34,
  "fit_ok": true
}