{
  "extrapolation_1d": {
    "seed": 42,
    "n": 500,
    "k": 10,
    "x_min": 0.2,
    "x_max": 0.8,
    "test_points": [
      0.0,
      0.05,
      0.1,
      0.15,
      0.2,
      0.3,
      0.5,
      0.7,
      0.8,
      0.85,
      0.9,
      0.95,
      1.0
    ],
    "mgcv_predictions": [
      0.4503277801329586,
      0.5640328606909226,
      0.6777379412488856,
      0.7914430218068476,
      0.9051481023648122,
      0.9448858032789148,
      0.0014474572947031777,
      -0.9407185108779632,
      -0.9932749996561402,
      -0.987105372496254,
      -0.9809357453363678,
      -0.9747661181764817,
      -0.9685964910165952
    ],
    "mgcv_lambda": 7.4335544303263115
  },
  "multidim_4d": {
    "seed": 42,
    "n": 1000,
    "d": 4,
    "k": 10,
    "mgcv_lambdas": [
      5.08060669834085,
      5.793586692423935,
      9043.048311315775,
      660.4073130345352
    ]
  }
}