{
  "predictors": [
    "x1"
  ],
  "family": "gaussian",
  "link": "identity",
  "method": "fREML",
  "k_default": 4,
  "min_k": 3,
  "n_obs": 1000,
  "x1_shift": 50.313697172650265,
  "y_range": [
    0.0,
    121.66991792916961
  ],
  "x1_range_post_shift": [
    -50.30844069476166,
    49.65305297912913
  ],
  "seed": 149,
  "case_idx": 26,
  "fit_ok": true
}