{
  "predictors": [
    "x1"
  ],
  "family": "nb",
  "link": "log",
  "method": "fREML",
  "k_default": 4,
  "min_k": 3,
  "n_obs": 1000,
  "x1_shift": 48.60925335496552,
  "y_range": [
    0.0,
    122.08013052796242
  ],
  "x1_range_post_shift": [
    -48.427550181753006,
    51.345643309993235
  ],
  "seed": 129,
  "case_idx": 6,
  "fit_ok": false
}